"Human Gene ID","Human Gene Name","Gene MIM Number","Cilia Related Process Pubmed ID","Synonym"
3983,"ABLIM1","602330","22684256","ABLIM1;ABLIM1;ENSG00000099204; ABLIM; LIMAB1; LIMATIN; abLIM-1"
22885,"ABLIM3","611305","22684256","ABLIM3;ABLIM3;ENSG00000173210; HMFN1661"
10121,"ACTR1A","605143","30257893 *","ACTR1A;ACTR1A;ENSG00000138107; ARP1; Arp1A; CTRN1"
10097,"ACTR2","604221","20393563","ACTR2;ACTR2;ENSG00000138071; ARP2"
10096,"ACTR3","604222","20393563","ACTR3;ACTR3;ENSG00000115091; ARP3"
111,"ADCY5","600293","26092933","ADCY5;ADCY5;ENSG00000173175; AC5; FDFM; DSKOD"
112,"ADCY6","600294","26092933","ADCY6;ADCY6;ENSG00000174233; AC6; LCCS8"
79747,"ADGB","614630","33453283","ADGB;ADGB;ENSG00000118492; CAPN16; C6orf103"
156,"ADRBK1","109635","21695114, 22277298","GRK2;ADRBK1;ENSG00000173020; BARK1; ADRBK1; BETA-ARK1"
155465,"AGR3","609482","25751668","AGR3;AGR3;ENSG00000173467; AG3; AG-3; HAG3; hAG-3; BCMP11; PDIA18"
122481,"AK7","615364","18776131","AK7;AK7;ENSG00000140057; AK 7; FAP75; CFAP75; SPGF27"
10142,"AKAP9","604001","29516269, 29910809","AKAP9;AKAP9;ENSG00000127914; LQT11; PRKA9; AKAP-9; CG-NAP; YOTIAO; AKAP350; AKAP450; PPP1R45; HYPERION; MU-RMS-40.16A"
378,"ARF4","601177","31068062","ARF4;ARF4;ENSG00000168374; ARF2"
2909,"ARHGAP35","605277","32663194","ARHGAP35;ARHGAP35;ENSG00000160007; GRF-1; GRLF1; P190A; P190-A; p190RhoGAP; p190ARhoGAP"
50807,"ASAP1","605953","22983554","ASAP1;ASAP1;ENSG00000153317; PAP; PAG2; AMAP1; DDEF1; ZG14P; CENTB4"
4217,"ASK1","602448","32275885","MAP3K5;ASK1;ENSG00000197442; ASK1; MEKK5; MAPKKK5"
55054,"ATG16L1","610767","34057021","ATG16L1;ATG16L1;ENSG00000085978; IBD10; WDR30; APG16L; ATG16A; ATG16L"
64422,"ATG3","609606","24089205","ATG3;ATG3;ENSG00000144848; APG3; APG3L; PC3-96; APG3-LIKE"
23300,"ATMIN","614693","25294941","ATMIN;ATMIN;ENSG00000166454; ASCIZ; ZNF822"
9114,"ATP6V0D1","607028","21844891","ATP6V0D1;ATP6V0D1;ENSG00000159720; P39; VATX; VMA6; ATP6D; ATP6DV; VPATPD"
51382,"ATP6V1D","609398","21844891","ATP6V1D;ATP6V1D;ENSG00000100554; VATD; VMA8; ATP6M"
10677,"AVIL","613397","22178116","AVIL;AVIL;ENSG00000135407; p92; DOC6; ADVIL; NPHS21"
22994,"AZI1","613479","19254375","CEP131;AZI1;ENSG00000141577; AZ1; ZA1; AZI1"
119710,"C11orf74","619270","30476139","IFTAP;C11orf74;ENSG00000166352; NWC; HEPIS; C11orf74"
144535,"C12orf55","No MIM ID","26224312, 26224312","CFAP54;C12orf55;ENSG00000188596; C12orf55; C12orf63"
146562,"C16orf71","No MIM ID","33263282","DNAAF8;C16orf71;ENSG00000166246; C16orf71"
85452,"C1orf222","No MIM ID","32555313","CFAP74;C1orf222;ENSG00000142609; C1orf222; KIAA1751"
26074,"C20orf26","No MIM ID","10.1101/2021.03.04.433881","CFAP61;C20orf26;ENSG00000089101; CaM-IP3; C20orf26; dJ1002M8.3; dJ1178H5.4"
56683,"C21orf59","615494","24094744","CFAP298;C21orf59;ENSG00000159079; Kur; FBB18; CILD26; DNAAF16; C21orf48; C21orf59"
168090,"C6orf118","No MIM ID","34318869","C6orf118;C6orf118;ENSG00000112539; bA85G2.1; dJ416F21.2"
221322,"C6orf170","615867","24285566","TBC1D32;C6orf170;ENSG00000146350; BROMI; C6orf170; C6orf171"
55259,"CASC1","616906","21953912","DNAI7;CASC1;ENSG00000118307; LAS1; CASC1; CFAP94; PPP1R54"
857,"CAV1","601047","30718762","CAV1;CAV1;ENSG00000105974; CGL3; PPH3; BSCL3; LCCNS; VIP21; MSTP085"
54862,"CC2D1A","610055","33196317","CC2D1A;CC2D1A;ENSG00000132024; Lgd2; MRT3; TAPE; Aki-1; FREUD-1; Freud-1/Aki1"
255101,"CCDC108","614270","34100391, 31413122","CFAP65;CCDC108;ENSG00000181378; SPGF40; CCDC108"
220136,"CCDC11","614759","25074808","CFAP53;CCDC11;ENSG00000172361; HTX6; CCDC11"
25790,"CCDC19","605152","30850601","CFAP45;CCDC19;ENSG00000213085; HTX11; NESG1; CCDC19"
79140,"CCDC28B","610162","23727834, 23015189",NA
90416,"CCDC32","CCDC32","32307552","CCDC32;CCDC32;ENSG00000128891; CFNDS; C15orf57"
387885,"CCDC42B","No MIM ID","23569216","CFAP73;CCDC42B;ENSG00000186710; MIA2; CCDC42B"
160762,"CCDC63","617969","21953912","CCDC63;CCDC63;ENSG00000173093; ODA5"
90557,"CCDC74A","No MIM ID","26947080",NA
91409,"CCDC74B","No MIM ID","28340181",NA
124093,"CCDC78","614666","24075808 *","CCDC78;CCDC78;ENSG00000162004; CNM4; JFP10; C16orf25; hsCCDC78"
9738,"CCP110","609544","17719545, 32402286","CCP110;CCP110;ENSG00000103540; CP110; Cep110"
7203,"CCT3","600114","7961900","CCT3;CCT3;ENSG00000163468; CCTG; PIG48; TRIC5; CCT-gamma; TCP-1-gamma"
10694,"CCT8","617786","20080638","CCT8;CCT8;ENSG00000156261; Cctq; PRED71; D21S246; C21orf112"
8556,"CDC14A","603504","30467237","CDC14A;CDC14A;ENSG00000079335; cdc14; DFNB32; DFNB35; hCDC14; DFNB105"
8555,"CDC14B","603505","21177342","CDC14B;CDC14B;ENSG00000081377; CDC14B3; Cdc14B1; Cdc14B2; hCDC14B"
983,"CDK1","116940","28982797","CDK1;CDK1;ENSG00000170312; CDC2; CDC28A; P34CDC2"
23552,"CDK20","610076","30955935","CDK20;CDK20;ENSG00000156345; P42; CCRK; CDCH; PNQALRE"
55755,"CDK5RAP2","608201","20627074 *","CDK5RAP2;CDK5RAP2;ENSG00000136861; C48; MCPH3; Cep215"
1951,"CELSR3","604264","25024228, 20473291","CELSR3;CELSR3;ENSG00000008300; FMI1; EGFL1; HFMI1; MEGF2; ADGRC3; CDHF11; RESDA1"
55835,"CENPJ","609279","30626697","CENPJ;CENPJ;ENSG00000151849; LAP; CPAP; LIP1; BM032; MCPH6; SASS4; SCKL4; Sas-4; CENP-J"
9662,"CEP135","611423","23115304","CEP135;CEP135;ENSG00000174799; CEP4; MCPH8; KIAA0635"
22995,"CEP152","613529","18854586","CEP152;CEP152;ENSG00000103995; MCPH4; MCPH9; SCKL5"
55125,"CEP192","616426","23932902","CEP192;CEP192;ENSG00000101639; PPP1R62"
11190,"CEP250","609689","27818179","CEP250;CEP250;ENSG00000126001; CEP2; CNAP1; C-NAP1; CRDHL2"
55165,"CEP55","610000","33475699","CEP55;CEP55;ENSG00000138180; CT111; MARCH; URCC6; C10orf3"
80321,"CEP70","614310","19254375","CEP70;CEP70;ENSG00000114107; BITE"
55722,"CEP72","616475","22767577, 32402286",NA
84131,"CEP78","617110","34259627","CEP78;CEP78;ENSG00000148019; IP63; CRDHL; C9orf81"
84902,"CEP89","615470","23789104","CEP89;CEP89;ENSG00000121289; CEP123; CCDC123"
79598,"CEP97","615864","17719545","CEP97;CEP97;ENSG00000182504; LRRIQ2; 2810403B08Rik"
1068,"CETN1","603187","23641067, 21953912","CETN1;CETN1;ENSG00000177143; CEN1; CETN"
23332,"CLASP1","605852","33860332","CLASP1;CLASP1;ENSG00000074054; MAST1"
1213,"CLTC","118955","32811879","CLTC;CLTC;ENSG00000141367; Hc; CHC; CHC17; MRD56; CLH-17; CLTCL2"
1261,"CNGA3","600053","23329832","CNGA3;CNGA3;ENSG00000144191; CNG3; ACHM2; CCNC1; CCNCa; CNCG3; CCNCalpha"
1262,"CNGA4","609472","16980309 *","CNGA4;CNGA4;ENSG00000132259; CNG4; CNG5; CNCA2; CNG-4; CNGB2; OCNC2; OCNCb; OCNCBETA"
11064,"CNTRL","605496","27340223","CNTRL;CNTRL;ENSG00000119397; FAN; CEP1; CEP110; bA165P4.1"
1452,"CSNK1A1","600505","21695114","CSNK1A1;CSNK1A1;ENSG00000113712; CK1; CK1a; CKIa; HLCDGP1; PRO2975; HEL-S-77p"
1453,"CSNK1D","600864","24648492","CSNK1D;CSNK1D;ENSG00000141551; ASPS; CKId; HCKID; FASPS2; CKIdelta; CKI-delta"
1454,"CSNK1E","CSNK1E","22609948","CSNK1E;CSNK1E;ENSG00000213923; CKIe; HCKIE; CKIepsilon"
124637,"CYB5D1","No MIM ID","33875586",NA
1540,"CYLD","605018","25342559","CYLD;CYLD;ENSG00000083799; EAC; MFT; SBS; TEM; BRSS; CDMT; MFT1; CYLD1; CYLDI; USPL2; FTDALS8"
1639,"DCTN1","DCTN1","33924373 *","DCTN1;DCTN1;ENSG00000204843; P135; DP-150; DAP-150"
10540,"DCTN2","607376","32312818 *","DCTN2;DCTN2;ENSG00000175203; RBP50; DCTN50; HEL-S-77; DYNAMITIN"
9231,"DLG5","604090","32631816","DLG5;DLG5;ENSG00000151208; PDLG; LP-DLG; P-DLG5"
55172,"DNAAF2","612517","21953912","DNAAF2;DNAAF2;ENSG00000165506; KTU; PF13; CILD10; C14orf104"
352909,"DNAAF3","614566","22387996","DNAAF3;DNAAF3;ENSG00000167646; PCD; DAB1; PF22; CILD2; C19orf51"
201625,"DNAH12","603340","11175280","DNAH12;DNAH12;ENSG00000174844; DHC3; DLP3; HL19; DLP12; DNHD2; HDHC3; HL-19; DNAH7L; DNAHC3; DNAH12L; DNAHC12"
127602,"DNAH14","603341","29323929","DNAH14;DNAH14;ENSG00000185842; HL18; HL-18; C1orf67; Dnahc14"
8632,"DNAH17","610063","31178125","DNAH17;DNAH17;ENSG00000187775; DNEL2; DNAHL1; SPGF39"
146754,"DNAH2","603333","9256245","DNAH2;DNAH2;ENSG00000183914; DNHD3; DNAHC2; SPGF45"
55567,"DNAH3","603334","9256245","DNAH3;DNAH3;ENSG00000158486; HDHC8; HEL-36; DNAHC3B; HSADHC3; DNAHC3-B"
1768,"DNAH6","603336","8812413","DNAH6;DNAH6;ENSG00000115423; HL2; HL-2; DNHL1; Dnahc6"
56171,"DNAH7","610061","11877439",NA
1769,"DNAH8","603337","31178125","DNAH8;DNAH8;ENSG00000124721; hdhc9; ATPase; SPGF46"
27019,"DNAI1","604366","11231901","DNAI1;DNAI1;ENSG00000122735; PCD; DIC1; ICS1; CILD1"
83544,"DNAL1","610062","15845866","DNAL1;DNAL1;ENSG00000119661; LC1; CILD16; C14orf168"
10126,"DNAL4","610565","21953912","DNAL4;DNAL4;ENSG00000100246; MRMV3; PIG27"
1785,"DNM2","602378","32973177 *","DNM2;DNM2;ENSG00000079805; DYN2; CMT2M; DYNII; LCCS5; CMTDI1; CMTDIB; DI-CMTB"
25911,"DPCD","616467","14630615",NA
1813,"DRD2","126450","20531939","DRD2;DRD2;ENSG00000149295; D2R; D2DR"
1816,"DRD5","126453","20531939","DRD5;DRD5;ENSG00000169676; DBDR; DRD1B; DRD1L2"
1855,"DVL1","601365","18552847","DVL1;DVL1;ENSG00000107404; DVL; DRS2; DVL1L1; DVL1P1"
84332,"DYDC2","No MIM ID","22851692, 27486783",NA
1778,"DYNC1H1","600112","26077881, 16440056","DYNC1H1;DYNC1H1;ENSG00000197102; p22; DHC1; DNCL; DYHC; HL-3; CMT2O; DHC1a; DNCH1; DNECL; Dnchc1; SMALED1"
1781,"DYNC1I2","603331","16440056","DYNC1I2;DYNC1I2;ENSG00000077380; IC2; DIC74; DNCI2; NEDMIBA"
79659,"DYNC2H1","603297","24989795, 26077881","DYNC2H1;DYNC2H1;ENSG00000187240; ATD3; DHC2; DHC1b; DNCH2; DYH1B; SRTD3; SRPS2B; hdhc11"
83658,"DYNLRB1","607167","21953912","DYNLRB1;DYNLRB1;ENSG00000125971; BLP; BITH; DNCL2A; DNLC2A; ROBLD1"
83657,"DYNLRB2","607168","21953912","DYNLRB2;DYNLRB2;ENSG00000168589; DNCL2B; DNLC2B; ROBLD2"
1874,"E2F4","600659","28675157","E2F4;E2F4;ENSG00000205250; E2F-4"
1915,"EEF1A1","130590","32127582","EEF1A1;EEF1A1;ENSG00000156508; CCS3; EF1A; PTI1; CCS-3; EE1A1; EEF-1; EEF1A; EF-Tu; EF1A1; LENG7; eEF1A-1; GRAF-1EF; EF1alpha1"
79645,"EFCAB1","619564","31240264","CLXN;EFCAB1;ENSG00000034239; ODAD5; EFCAB1"
84288,"EFCAB2","619617","30933994","EFCAB2;EFCAB2;ENSG00000203666; DRC8; CFAP200"
9343,"EFTUD2","603892","32811879 *","EFTUD2;EFTUD2;ENSG00000108883; MFDM; MFDGA; Snu114; Snrp116; SNRNP116; U5-116KD"
2009,"EML1","602033","31390572","EML1;EML1;ENSG00000066629; BH; EMAP; ELP79; EMAPL; EMAP-1"
115704,"EVI5L","No MIM ID","17646400",NA
10640,"EXOC5","604469","19297529","EXOC5;EXOC5;ENSG00000070367; SEC10; HSEC10; SEC10P; PRO1912; SEC10L1"
153643,"FAM81B","153643","17971504",NA
92565,"FANK1","611640","29661797","FANK1;FANK1;ENSG00000203780; HSD13"
11116,"FGFR1OP","605392","33304902","CEP43;FGFR1OP;ENSG00000213066; FOP; FGFR1OP"
80199,"FUZ","610622","20962855","FUZ;FUZ;ENSG00000010361; FY; NTD; CPLANE3"
63917,"GALNT11","615130","24226769","GALNT11;GALNT11;ENSG00000178234; GALNACT11; GALNAC-T11"
647309,"GMNC","614448","10.1101/2021.02.17.431442","GMNC;GMNC;ENSG00000205835; GEMC1"
2792,"GNGT1","189970","23954591 *","GNGT1;GNGT1;ENSG00000127928; GNG1; HG3G1"
92344,"GORAB","607983","29892014","GORAB;GORAB;ENSG00000120370; GO; NTKLBP1; SCYL1BP1"
2932,"GSK3B","605004","17450132",NA
2934,"GSN","137350","20393563","GSN;GSN;ENSG00000148180; ADF; AGEL"
9001,"HAP1","600947","21985783","HAP1;HAP1;ENSG00000173805; HLP; HAP2; HIP5; hHLP1"
115106,"HAUS1","608775","10.1101/2020.05.05.20091504","HAUS1;HAUS1;ENSG00000152240; HEIC; CCDC5; HEI-C; HsT1461"
26762,"HAVCR1","606518","17205356","HAVCR1;HAVCR1;ENSG00000113249; TIM; KIM1; TIM1; CD365; HAVCR; KIM-1; TIM-1; TIMD1; TIMD-1; HAVCR-1"
54919,"HEATR2","614864","25232951","DNAAF5;HEATR2;ENSG00000164818; CILD18; HEATR2"
64399,"HHIP","606178","25215859 *","HHIP;HHIP;ENSG00000164161; HIP"
3091,"HIF1A","603348","24378640","HIF1A;HIF1A;ENSG00000100644; HIF1; MOP1; PASD8; HIF-1A; bHLHe78; HIF-1alpha; HIF1-ALPHA; HIF-1-alpha"
6928,"HNF1B","189907","22706971","HNF1B;HNF1B;ENSG00000275410; T2D; FJHN; HNF2; LFB3; RCAD; TCF2; HPC11; LF-B3; MODY5; TCF-2; VHNF1; ADTKD3; HNF-1B; HNF1beta; HNF-1-beta"
3320,"HSP90AA1","140571","30881373","HSP90AA1;HSP90AA1;ENSG00000080824; EL52; HSPN; LAP2; HSP86; HSPC1; HSPCA; Hsp89; Hsp90; LAP-2; HSP89A; HSP90A; HSP90N; Hsp103; HSPCAL1; HSPCAL4; HEL-S-65p"
7184,"HSP90B1","191175","32811879 *","HSP90B1;HSP90B1;ENSG00000166598; ECGP; GP96; TRA1; GRP94; HEL35; HEL-S-125m"
3312,"HSPA8","600816","19302411","HSPA8;HSPA8;ENSG00000109971; LAP1; HSC54; HSC70; HSC71; HSP71; HSP73; LAP-1; NIP71; HEL-33; HSPA10; HEL-S-72p"
51668,"HSPB11","No MIM ID","19253336","HSPB11;HSPB11;ENSG00000081870; PP25; IFT25; FAP232; C1orf41; HSPCO34"
3064,"HTT","613004","21985783","HTT;HTT;ENSG00000197386; HD; IT15; LOMARS"
10075,"HUWE1","300697","26167768","HUWE1;HUWE1;ENSG00000086758; MULE; Ib772; LASU1; MRXST; UREB1; HECTH9; URE-B1; ARF-BP1; HSPC272"
8100,"IFT88","600595","11062270","IFT88;IFT88;ENSG00000032742; DAF19; TG737; TTC10; hTg737; D13S1056E"
79781,"IQCA1","No MIM ID","23427265","IQCA1;IQCA1;ENSG00000132321; IQCA; DRC11; 4930465P12Rik"
115811,"IQCD","No MIM ID","23427265","IQCD;IQCD;ENSG00000166578; DRC10; CFAP84; 4933433C09Rik"
23288,"IQCE","617631","31549751","IQCE;IQCE;ENSG00000106012; PAPA7; 1700028P05Rik"
84223,"IQCG","612477","23427265","IQCG;IQCG;ENSG00000114473; DRC9; CFAP122"
64799,"IQCH","612523","21289087 *","IQCH;IQCH;ENSG00000103599; NYDSP5"
124152,"IQCK","No MIM ID","22558177 *",NA
154865,"IQUB","No MIM ID","21289087",NA
84056,"KATNAL1","614764","28373692",NA
79734,"KCTD17","616386","32825105",NA
22832,"KIAA1009","610201","23644468","CEP162;KIAA1009;ENSG00000135315; QN1; C6orf84; KIAA1009"
3796,"KIF2A","602591","25660017","KIF2A;KIF2A;ENSG00000068796; HK2; KIF2; CDCBM3"
3798,"KIF5A","602821","29445114","KIF5A;KIF5A;ENSG00000155980; NKHC; ALS25; MY050; NEIMY; SPG10; D12S1889"
3800,"KIF5C","604593","29445114","KIF5C;KIF5C;ENSG00000168280; KINN; NKHC; NKHC2; CDCBM2; NKHC-2"
136332,"LRGUK","616478","25781171","LRGUK;LRGUK;ENSG00000155530; CFAP246"
254050,"LRRC43","No MIM ID","26947080",NA
90506,"LRRC46","No MIM ID","33771330",NA
4118,"MAL","188860","22895261","MAL;MAL;ENSG00000172005; MVP17; VIP17"
4131,"MAP1B","157129","1487506 *","MAP1B;MAP1B;ENSG00000131711; MAP5; PVNH9; DFNA83; FUTSCH; PPP1R102"
81631,"MAP1LC3B","609604","33136096 *","MAP1LC3B;MAP1LC3B;ENSG00000140941; LC3B; ATG8F; MAP1LC3B-a; MAP1A/1BLC3"
22919,"MAPRE1","603108","21768326","MAPRE1;MAPRE1;ENSG00000101367; EB1"
345643,"MCIN","No MIM ID","25048963","MCIDAS;MCIN;ENSG00000234602; MCI; IDAS; MCIN; CILD42"
5891,"MOK","605762","31339880","MOK;MOK;ENSG00000080823; RAGE; RAGE1; STK30; RAGE-1"
729967,"MORN2","No MIM ID","33303696","MORN2;MORN2;ENSG00000188010; MOPT; BLOCK27"
283385,"MORN3","No MIM ID","25248657 *",NA
254956,"MORN5","619837","29257953 *","MORN5;MORN5;ENSG00000185681; C9orf18; C9orf113"
4602,"MYB","189990","24048590","MYB;MYB;ENSG00000118513; efg; Cmyb; c-myb; c-myb_CDS"
4628,"MYH10","160776","25881509","MYH10;MYH10;ENSG00000133026; NMMHCB; NMMHC-IIB"
4645,"MYO5B","606540","10.13028/M2GX0S","MYO5B;MYO5B;ENSG00000167306; DIAR2; MVID1; PFIC10"
91754,"NEK9","609798","34078910","NEK9;NEK9;ENSG00000119638; NC; APUG; NERCC; LCCS10; NERCC1"
51199,"NIN","608684","27818179","NIN;NIN;ENSG00000100503; SCKL7"
8382,"NME5","603575","32185794","NME5;NME5;ENSG00000112981; NM23H5; RSPH23; NM23-H5"
344022,"NOTO","No MIM ID","17884984",NA
10726,"NUDC","610325","26704451","NUDC;NUDC;ENSG00000090273; HNUDC; MNUDC; NPD011"
23386,"NUDCD3","610296","25205765","NUDCD3;NUDCD3;ENSG00000015676; NudCL"
4998,"ORC1","601902","30696958","ORC1;ORC1;ENSG00000085840; ORC1L; PARC1; HSORC1"
5108,"PCM1","600299","33214552, 32402286","PCM1;PCM1;ENSG00000078674; PTC4; RET/PCM-1"
10464,"PIBF1","607532","32402286","PIBF1;PIBF1;ENSG00000083535; PIBF; CEP90; JBTS33; C13orf24"
128344,"PIFO","614234","20643351","PIFO;PIFO;ENSG00000173947; C1orf88; pitchfork"
120379,"PIH1D2","No MIM ID","29741156","PIH1D2;PIH1D2;ENSG00000150773; DNAAF15"
139212,"PIH1D3","300933","24421334","DNAAF6;PIH1D3;ENSG00000080572; CILD36; PIH1D3; CXorf41; NYSAR97; TWISTER"
5315,"PKM","179050","32811879 *","PKM;PKM;ENSG00000067225; PK3; TCB; p58; OIP3; PKM2; CTHBP; THBP1; HEL-S-30"
50487,"PLA2G3","611651","25904332, 34082797","PLA2G3;PLA2G3;ENSG00000100078; SPLA2III; sPLA2-III; GIII-SPLA2"
58473,"PLEKHB1","607651","10923244","PLEKHB1;PLEKHB1;ENSG00000021300; KPL1; PHR1; PHRET1"
10733,"PLK4","605031","26701933","PLK4;PLK4;ENSG00000142731; SAK; STK18; MCCRP2"
5516,"PPP2CB","176916","21692192","PPP2CB;PPP2CB;ENSG00000104695; PP2CB; PP2Abeta"
5518,"PPP2R1A","605983","25492966","PPP2R1A;PPP2R1A;ENSG00000105568; MRD36; PP2AA; PR65A; PP2AAALPHA; PP2A-Aalpha"
5567,"PRKACB","176892","22007132","PRKACB;PRKACB;ENSG00000142875; CAFD2; PKACB; PKA C-beta"
5576,"PRKAR2A","176910","20016067","PRKAR2A;PRKAR2A;ENSG00000114302; PKR2; PRKAR2"
374308,"PTCHD3","611791","19339602","PTCHD3;PTCHD3;ENSG00000182077; PTR"
5742,"PTGS1","176805","33176142","PTGS1;PTGS1;ENSG00000095303; COX1; COX3; PHS1; PCOX1; PES-1; PGHS1; PTGHS; PGG/HS; PGHS-1"
138639,"PTPDC1","No MIM ID","21289087","PTPDC1;PTPDC1;ENSG00000158079; PTP9Q22"
25930,"PTPN23","606584","20393563","PTPN23;PTPN23;ENSG00000076201; HDPTP; HD-PTP; NEDBASS; PTP-TD14"
9727,"RAB11FIP3","608738","25673879","RAB11FIP3;RAB11FIP3;ENSG00000090565; CART1; FIP3-Rab11; Rab11-FIP3"
64284,"RAB17","602206","17646400",NA
51715,"RAB23","606144","17646400","RAB23;RAB23;ENSG00000112210; HSPC137"
9609,"RAB36","605662","31095607",NA
117177,"RAB3IP","608686","17574030","RAB3IP;RAB3IP;ENSG00000127328; RABIN3; RABIN8"
4218,"RAB8A","165040","17646400","RAB8A;RAB8A;ENSG00000167461; MEL; RAB8"
11159,"RABL2A","605412","30578315, 33075816",NA
11158,"RABL2B","605413","30578315",NA
64792,"RABL5","No MIM ID","22076686","IFT22;RABL5;ENSG00000128581; FAP9; RABL5"
5901,"RAN","601179","20526328","RAN;RAN;ENSG00000132341; TC4; Gsp1; ARA24"
5990,"RFX2","142765","22227339",NA
5991,"RFX3","601337","15121860",NA
5992,"RFX4","603958","19887680","RFX4;RFX4;ENSG00000111783; NYD-SP10"
83547,"RILP","607848","12944476 *","RILP;RILP;ENSG00000167705; PP10141"
8607,"RUVBL1","603449","10.1186/2194-7791-2-S1-A29","RUVBL1;RUVBL1;ENSG00000175792; RVB1; TIH1; ECP54; TIP49; ECP-54; INO80H; NMP238; PONTIN; TIP49A; NMP 238; Pontin52"
10856,"RUVBL2","604788","10.1186/2194-7791-2-S1-A29","RUVBL2;RUVBL2;ENSG00000183207; RVB2; TIH2; ECP51; TIP48; CGI-46; ECP-51; INO80J; REPTIN; TIP49B; TAP54-beta"
163786,"SASS6","609321","30013109","SASS6;SASS6;ENSG00000156876; SAS6; SAS-6; MCPH14"
132320,"SCLT1","611399","29789620","SCLT1;SCLT1;ENSG00000151466; CAP1A; CAP-1A"
11231,"SEC63","608648","28973524","SEC63;SEC63;ENSG00000025796; ERdj2; PCLD2; SEC63L; DNAJC23; PRO2507"
4735,"SEPT2","601506","22179047","SEPTIN2;SEPT2;ENSG00000168385; DIFF6; NEDD5; SEPT2; NEDD-5; Pnutl3; hNedd5"
84197,"SGK196","615247","28560031","POMK;SGK196;ENSG00000185900; SGK196; MDDGA12; MDDGC12"
6500,"SKP1","601434","31160656 *","SKP1;SKP1;ENSG00000113558; OCP2; p19A; EMC19; SKP1A; OCP-II; TCEB1L"
9368,"SLC9A3R1","604990","27055101","SLC9A3R1;SLC9A3R1;ENSG00000109062; EBP50; NHERF; NHERF1; NHERF-1; NPHLOP2"
81892,"SLIRP","610211","32973177 *","SLIRP;SLIRP;ENSG00000119705; DC50; PD04872; C14orf156"
6674,"SPAG1","603395","24055112","SPAG1;SPAG1;ENSG00000104450; SP75; TPIS; CT140; CILD28; DNAAF13; HSD-3.8; HEL-S-268"
79582,"SPAG16","612173","30911868","SPAG16;SPAG16;ENSG00000144451; PF20; WDR29"
200162,"SPAG17","616554","32988999, 23418344","SPAG17;SPAG17;ENSG00000155761; PF6; CT143; SPGF55"
128153,"SPATA17","611032","31092556","SPATA17;SPATA17;ENSG00000162814; IQCH; MOT17; FAP305; MSRG11; CFAP305; MSRG-11"
132851,"SPATA4","609879","23604077","SPATA4;SPATA4;ENSG00000150628; FAP178; SPEF1B; TSARG2; CFAP178"
54558,"SPATA6","613947","25605924 *","SPATA6;SPATA6;ENSG00000132122; HASH; SRF1; SRF-1"
25876,"SPEF1","610674","30535028","SPEF1;SPEF1;ENSG00000101222; CLAMP; SPEF1A; C20orf28"
79925,"SPEF2","610172","10100999, 31545650","SPEF2;SPEF2;ENSG00000152582; KPL2; CT122; SPGF43"
6709,"SPTAN1","182810","31299042","SPTAN1;SPTAN1;ENSG00000197694; DEE5; NEAS; EIEE5; SPTA2"
8878,"SQSTM1","601530","25015291","SQSTM1;SQSTM1;ENSG00000161011; p60; p62; A170; DMRV; OSIL; PDB3; ZIP3; p62B; NADGP; FTDALS3"
6774,"STAT3","102582","25136113","STAT3;STAT3;ENSG00000168610; APRF; HIES; ADMIO; ADMIO1"
6491,"STIL","181590","25486474","STIL;STIL;ENSG00000123473; SIL; MCPH7"
65975,"STK33","607670","29155043, 26947080",NA
23012,"STK38L","615836","28560031, 28122914","STK38L;STK38L;ENSG00000211455; NDR2"
6809,"STX3","600876","19454479","STX3;STX3;ENSG00000166900; MVID2; STX3A; DIAR12; RDMVID"
23345,"SYNE1","608441","28625779, 19596800","SYNE1;SYNE1;ENSG00000131018; 8B; AMC3; AMCM; CPG2; ARCA1; EDMD4; KASH1; MYNE1; Nesp1; SCAR8; C6orf98; dJ45H2.2"
23224,"SYNE2","608442","19596800","SYNE2;SYNE2;ENSG00000054654; NUA; EDMD5; KASH2; Nesp2; TROPH; NUANCE; SYNE-2; Nesprin-2"
6870,"TACR3","162332","10516642","TACR3;TACR3;ENSG00000169836; NK3; NKR; HH11; NK3R; NK-3R; TAC3R; TAC3RL"
23329,"TBC1D30","615077","17646400",NA
51256,"TBC1D7","615077","17646400","TBC1D7;TBC1D7;ENSG00000145979; TBC7; MGCPH; PIG51"
6903,"TBCC","602971","21285245 *","TBCC;TBCC;ENSG00000124659; CFC"
84260,"TCHP","612654","22529102, 26880200","TCHP;TCHP;ENSG00000139437; TpMs"
27285,"TEKT2","608953","15340058","TEKT2;TEKT2;ENSG00000092850; TEKTB1; TEKTIN-T; h-tektin-t"
146279,"TEKT5","618686","17924527","TEKT5;TEKT5;ENSG00000153060; CT149"
122046,"TEX26","No MIM ID","25962172 *","TEX26;TEX26;ENSG00000175664; C13orf26"
642987,"TMEM232","No MIM ID","34318869",NA
71097109,"TRAPPC10","602103","21273506",NA
27095,"TRAPPC3","610955","21273506","TRAPPC3;TRAPPC3;ENSG00000054116; BET3"
83696,"TRAPPC9","611966","21273506","TRAPPC9;TRAPPC9;ENSG00000167632; T1; IBP; NIBP; MRT13; TRS120; IKBKBBP"
9321,"TRIP11","604505","19112494","TRIP11;TRIP11;ENSG00000100815; ODCD; ACG1A; CEV14; ODCD1; GMAP210; TRIP-11; TRIP230; GMAP-210"
6738,"TROVE2","600063","21289087","RO60;TROVE2;ENSG00000116747; SSA2; RORNP; TROVE2"
199223,"TTC21A","611430","30929735","TTC21A;TTC21A;ENSG00000168026; STI2; Thm2; SPGF37; IFT139A"
92104,"TTC30A","No MIM ID","20534810","TTC30A;TTC30A;ENSG00000197557; FAP259; IFT70A; TTC30B"
150737,"TTC30B","No MIM ID","20534810","TTC30B;TTC30B;ENSG00000196659; IFT70; fleer; IFT70B"
54777,"TTC40","618543","32616903","CFAP46;TTC40;ENSG00000171811; TTC40; C10orf92; C10orf93; C10orf123; C10orf124; bA288G11.4; bA288G11.5; bB137A17.2; bB137A17.3"
7272,"TTK","604092","23388454","TTK;TTK;ENSG00000112742; ESK; PYT; CT96; MPH1; MPS1; MPS1L1"
164714,"TTLL8","619193","25180231",NA
7275,"TUB","601197","20889716","TUB;TUB;ENSG00000166402; rd5; RDOB"
7846,"TUBA1A","602529","26493046","TUBA1A;TUBA1A;ENSG00000167552; LIS3; TUBA3; B-ALPHA-1"
10376,"TUBA1B","602530","24760594","TUBA1B;TUBA1B;ENSG00000123416; K-ALPHA-1"
84790,"TUBA1C","No MIM ID","31951202 *","TUBA1C;TUBA1C;ENSG00000167553; TUBA6; bcm948"
113457,"TUBA3D","617878","32616903 *","TUBA3D;TUBA3D;ENSG00000075886; KTCN9; TUBA2; H2-ALPHA"
203068,"TUBB","191130","23604077","TUBB;TUBB;ENSG00000196230; M40; TUBB1; TUBB5; CDCBM6; CSCSC1; OK/SW-cl.56"
10382,"TUBB4A","602662","33674599","TUBB4A;TUBB4A;ENSG00000104833; DYT4; TUBB4; beta-5"
10383,"TUBB4B","602660","32811879","TUBB4B;TUBB4B;ENSG00000188229; Beta2; TUBB2; LCAEOD; TUBB2C"
10844,"TUBGCP2","617817","28560031","TUBGCP2;TUBGCP2;ENSG00000130640; ALP4; GCP2; GCP-2; SPC97; h103p; hGCP2; SPBC97; Spc97p; hSpc97; Grip103; PAMDDFS"
56995,"TULP4","619442","21722349","TULP4;TULP4;ENSG00000130338; TUSP"
79770,"TXNDC15","617778","27894351","TXNDC15;TXNDC15;ENSG00000113621; BUG; MKS14; UNQ335; C5orf14"
7320,"UBE2B","179095","31235600","UBE2B;UBE2B;ENSG00000119048; HR6B; UBC2; HHR6B; RAD6B; E2-17kDa"
54986,"ULK4","617010","27445138","ULK4;ULK4;ENSG00000168038; FAM7C1; REC01035"
8237,"USP11","300050","31835165","USP11;USP11;ENSG00000102226; UHX1"
57216,"VANGL2","600533","25024228","VANGL2;VANGL2;ENSG00000162738; LPP1; LTAP; STB1; STBM; STBM1"
7419,"VDAC3","610029","23388454","VDAC3;VDAC3;ENSG00000078668; VDAC-3; HD-VDAC3"
7428,"VHL","608537","16775032, 34002003","VHL;VHL;ENSG00000134086; RCA1; VHL1; pVHL; HRCA1"
126820,"WDR63","617968","30060180","DNAI3;WDR63;ENSG00000162643; DIC3; WDR63; NYD-SP29"
144406,"WDR66","618146","30122540","CFAP251;WDR66;ENSG00000158023; WDR66; SPGF33; CaM-IP4"
164781,"WDR69","No MIM ID","20568242, 21953912","DAW1;WDR69;ENSG00000123977; ODA16; WDR69; DNAAF18"
80217,"WDR96","617558","31004071","CFAP43;WDR96;ENSG00000197748; WDR96; HYDNP1; SPGF19; C10orf79; bA373N18.2"
49856,"WRAP73","606040","26675238","WRAP73;WRAP73;ENSG00000116213; WDR8"
25937,"WWTR1","607392","25849865","WWTR1;WWTR1;ENSG00000018408; TAZ"
90522,"YIF1B","619109","33103737","YIF1B;YIF1B;ENSG00000167645; FinGER8; KABAMAS"
79740,"ZBBX","No MIM ID","33771330",NA
84936,"ZFYVE19","619635","33853651","ZFYVE19;ZFYVE19;ENSG00000166140; ANCHR; PFIC9; MPFYVE"
84217,"ZMYND12","No MIM ID","21953912",NA
